"Type","Count","Proportion"
"pseudogene",127,0.185131195335277
"protein_coding",349,0.508746355685131
"lncRNA",187,0.272594752186589
"others",23,0.0335276967930029
