"","non-lncRNA","%non-lncRNA","lncRNA","%lncRNA"
"Observed",572,0.203125,2244,0.796875
"Genome",18843,0.246914065571193,57471,0.753085934428807
