"","non-lncRNA","%non-lncRNA","lncRNA","%lncRNA"
"Observed",337,0.491253644314869,349,0.508746355685131
"Genome",51379,0.673257855701444,24935,0.326742144298556
