"","non-lncRNA","%non-lncRNA","lncRNA","%lncRNA"
"Observed",1954,0.693892045454545,862,0.306107954545455
"Genome",57360,0.751631417564274,18954,0.248368582435726
