"Type","Count","Proportion"
"pseudogene",571,0.306659505907626
"protein_coding",502,0.269602577873255
"lncRNA",366,0.19656283566058
"others",423,0.227175080558539
