"Type","Count","Proportion"
"pseudogene",172,0.178053830227743
"protein_coding",507,0.524844720496894
"lncRNA",259,0.268115942028986
"others",28,0.0289855072463768
