,non-lncRNA,%non-lncRNA,lncRNA,%lncRNA
Observed,366,0.196562836,1496,0.803437164
Genome,18843,0.246914066,57471,0.753085934
