"","non-lncRNA","%non-lncRNA","lncRNA","%lncRNA"
"Observed",259,0.268115942028986,707,0.731884057971015
"Genome",18843,0.246914065571193,57471,0.753085934428807
