"","non-lncRNA","%non-lncRNA","lncRNA","%lncRNA"
"Observed",794,0.821946169772257,172,0.178053830227743
"Genome",57360,0.751631417564274,18954,0.248368582435726
