Epoch,MSE_NZ_batch,MSE_NZ_valid
0.0,0.026261936873197556,0.026260294020175934
1.0,0.0025476342998445034,0.002851820085197687
10.0,0.0022808387875556946,0.002178250113502145
20.0,0.0020825681276619434,0.0020974830258637667
