"Type","Count","Proportion"
"pseudogene",586,0.308746048472076
"protein_coding",513,0.270284510010537
"lncRNA",374,0.197049525816649
"others",425,0.223919915700738
