"Type","Count","Proportion"
"pseudogene",188,0.187064676616915
"protein_coding",523,0.520398009950249
"lncRNA",264,0.262686567164179
"others",30,0.0298507462686567
