"Type","Count","Proportion"
"pseudogene",188,0.187064676616915
"protein_coding",523,0.520398009950249
"lncRNA",261,0.259701492537313
"others",33,0.0328358208955224
