"non-lncRNA","%non-lncRNA","lncRNA","%lncRNA"
374,0.197049525816649,1524,0.802950474183351
17947,0.235173100610635,58367,0.764826899389365
