"non-lncRNA","%non-lncRNA","lncRNA","%lncRNA"
374,0.197049525816649,1524,0.802950474183351
18843,0.246914065571193,57471,0.753085934428807
