,non-lncRNA,%non-lncRNA,lncRNA,%lncRNA
Observed,1360,0.730397422,502,0.269602578
Genome,51379,0.673257856,24935,0.326742144
