"","non-lncRNA","%non-lncRNA","lncRNA","%lncRNA"
"Observed",459,0.475155279503106,507,0.524844720496894
"Genome",51379,0.673257855701444,24935,0.326742144298556
