"non-protein_coding","%non-protein_coding","protein_coding","%protein_coding"
482,0.479601990049751,523,0.520398009950249
51379,0.673257855701444,24935,0.326742144298556
