"non-pseudo","%non-pseudo","pseudogene","%pseudogene"
1312,0.691253951527924,586,0.308746048472076
57360,0.751631417564274,18954,0.248368582435726
