,non-lncRNA,%non-lncRNA,lncRNA,%lncRNA
Observed,1291,0.693340494,571,0.306659506
Genome,57360,0.751631418,18954,0.248368582
