"Total.Unique.Genes","Percent.Of.Total"
1005,0.335671342685371
1898,0.633934535738143
91,0.0303941215764863
