"Total.Num.Genes","Percent.Of.Total"
1806,0.401869158878505
2597,0.577881619937695
91,0.0202492211838006
