"Total.Num.Genes","Percent.Of.Total"
1715,0.397727272727273
2506,0.581168831168831
91,0.0211038961038961
