"Type","Count","Proportion"
"pseudogene",18954,0.248368582435726
"protein_coding",24935,0.326742144298556
"lncRNA",17947,0.235173100610635
"others",14478,0.189716172655083
