"Type","Count","Proportion"
"pseudogene",879,0.308637640449438
"protein_coding",687,0.24122191011236
"lncRNA",576,0.202247191011236
"others",706,0.247893258426966
