"Type","Count","Proportion"
"pseudogene",862,0.306107954545455
"protein_coding",677,0.240411931818182
"lncRNA",572,0.203125
"others",705,0.250355113636364
