"Type","Count","Proportion"
"pseudogene",879,0.308637640449438
"protein_coding",687,0.24122191011236
"lncRNA",574,0.201544943820225
"others",708,0.248595505617978
