"Type","Count","Proportion"
"pseudogene",145,0.198630136986301
"protein_coding",368,0.504109589041096
"lncRNA",191,0.261643835616438
"others",26,0.0356164383561644
