"Type","Count","Proportion"
"pseudogene",145,0.198630136986301
"protein_coding",368,0.504109589041096
"lncRNA",193,0.264383561643836
"others",24,0.0328767123287671
