"non-lncRNA","%non-lncRNA","lncRNA","%lncRNA"
576,0.202247191011236,2272,0.797752808988764
18843,0.246914065571193,57471,0.753085934428807
