"non-lncRNA","%non-lncRNA","lncRNA","%lncRNA"
574,0.201544943820225,2274,0.798455056179775
18843,0.246914065571193,57471,0.753085934428807
