"non-lncRNA","%non-lncRNA","lncRNA","%lncRNA"
574,0.201544943820225,2274,0.798455056179775
17947,0.235173100610635,58367,0.764826899389365
