"","non-lncRNA","%non-lncRNA","lncRNA","%lncRNA"
"Observed",187,0.272594752186589,499,0.727405247813411
"Genome",18843,0.246914065571193,57471,0.753085934428807
