"","non-lncRNA","%non-lncRNA","lncRNA","%lncRNA"
"Observed",2139,0.759588068181818,677,0.240411931818182
"Genome",51379,0.673257855701444,24935,0.326742144298556
