"non-protein_coding","%non-protein_coding","protein_coding","%protein_coding"
362,0.495890410958904,368,0.504109589041096
51379,0.673257855701444,24935,0.326742144298556
