"","non-lncRNA","%non-lncRNA","lncRNA","%lncRNA"
"Observed",559,0.814868804664723,127,0.185131195335277
"Genome",57360,0.751631417564274,18954,0.248368582435726
