"non-pseudo","%non-pseudo","pseudogene","%pseudogene"
1969,0.691362359550562,879,0.308637640449438
57360,0.751631417564274,18954,0.248368582435726
