"Total.Num.Genes","Percent.Of.Total"
1356,0.265258215962441
3674,0.718701095461659
82,0.0160406885758998
