"Total.Unique.Genes","Percent.Of.Total"
730,0.199453551912568
2848,0.778142076502732
82,0.0224043715846995
