"","Type","Count","Proportion"
"1","pseudogene",18953,0.248371751693771
"2","protein_coding",24934,0.326750448833034
"3","lncRNA",17947,0.235188509874327
"4","others",14475,0.189689289598868
