"Type","Count","Proportion"
"pseudogene",18954,0.248368582435726
"protein_coding",24935,0.326742144298556
"lncRNA",18843,0.246914065571193
"others",13582,0.177975207694525
